county,sd4_fraction
Madera,0.4341468561
Merced,0.0957536601
Nevada,0.1617324121
Placer,0.02832283674
